{
 "lambda_analytic_n1_20": [
  0.023095708966121033,
  0.09234573522804668,
  0.2076389205543248,
  0.36879047949224164,
  0.5755427144611774,
  0.8275660122823792,
  1.1244601175709594,
  1.4657556771470606,
  1.8509160483825342,
  2.2793393631931576,
  2.750360838220196,
  3.2632553206246198,
  3.817240057847946,
  4.4114776786805985,
  5.045079372026794,
  5.717108248868793,
  6.426582872117203,
  7.172480938291723,
  7.953743094311901,
  8.769276872093215
 ],
 "lambda1_analytic_vs_published_relerr": 1.5022041354274649e-15,
 "li_zeroside_vs_analytic_maxrel_n20": 1.5118739736676228e-08,
 "G1_Li": "PASS",
 "POLE_300": 90.40685692037022,
 "PRIME_300": 90.58863676766603,
 "maxdev_A_vs_Azeta_120": 0.2336226112884725,
 "rmsdev_A_vs_Azeta_120": 0.017008673136093708,
 "mu_min_table_Mwd": {
  "2.5": 0.0013353358079923135,
  "5": 0.00018481242573141328,
  "7.5": 6.382486715311524e-05,
  "10": 4.4007830215573366e-05,
  "12.5": 3.1245260396671134e-05,
  "15": 2.2118104422278584e-05
 },
 "G1_A": "PASS",
 "ARCH_stability": {
  "0": {
   "dr_half": 1.2959411321844527e-11,
   "R_double": 1.1542544697817902e-11
  },
  "1": {
   "dr_half": 8.730682843349769e-12,
   "R_double": 1.6650014700303473e-12
  },
  "150": {
   "dr_half": 1.4566340755112206e-12,
   "R_double": 1.091014995360795e-11
  },
  "300": {
   "dr_half": 4.339593713943799e-12,
   "R_double": 2.2960056419448578e-11
  }
 }
}